<?xml version="1.0" encoding="UTF-8" standalone="yes"?>
<addon id="service.subtitles.apollo" name="Apollo Subs" version="1.0.8" provider-name="Apollo Group TV">
  <requires>
    <import addon="xbmc.python" version="2.14.0"/>
	<import addon="script.module.requests" version="2.9.1" />
  </requires>
  <extension point="xbmc.subtitle.module" library="service.py"/>
  <extension point="xbmc.addon.metadata">
    <summary lang="en">Apollo Group TV - Subtitles</summary>
	<description>
	Facebook Page and Support Group @ApolloGroupTV. Become a member today, visit: ApolloGroup.TV
	</description>
	<platform>all</platform>
	</extension>
</addon>
